platform_group,origin,chart_slots,share
1 Free-to-air,AU,629,0.403
1 Free-to-air,GB,54,0.035
1 Free-to-air,News / sport / live (AU),769,0.493
1 Free-to-air,Other,67,0.043
1 Free-to-air,US,41,0.026
2 BVOD,AU,592,0.379
2 BVOD,GB,60,0.038
2 BVOD,News / sport / live (AU),744,0.477
2 BVOD,Other,80,0.051
2 BVOD,US,84,0.054
3 Paid streaming (Netflix AU),AU,38,0.037
3 Paid streaming (Netflix AU),GB,105,0.101
3 Paid streaming (Netflix AU),News / sport / live (AU),10,0.01
3 Paid streaming (Netflix AU),Other,149,0.143
3 Paid streaming (Netflix AU),US,738,0.71
