tmdb_name,year,format,sales_genre,au_streaming_now,current_group,best_group,note
Law & Order,1990.0,Scripted series,Crime & Thriller,"7plus, Amazon Prime Video, Amazon Prime Video with Ads, BINGE, Foxtel Now",2 BVOD,1 Free-to-air,"Re-pitch to Free-to-air (Seven, Nine, Ten, ABC, SBS) at renewal"
La Brea,2021.0,Scripted series,Sci-Fi & Fantasy,"Netflix, Netflix Standard with Ads",3 Paid streaming (Netflix AU),1 Free-to-air,"Re-pitch to Free-to-air (Seven, Nine, Ten, ABC, SBS) at renewal"
Puss in Boots: The Last Wish,2022.0,Animated film,Family & Animation,"BINGE, Foxtel Now",3 Paid streaming (Netflix AU),3 Paid streaming (Netflix AU),Right platform group but not charting - needs marketing support
All Her Fault,2025.0,Scripted limited series,Crime & Thriller,"BINGE, Foxtel Now",3 Paid streaming (Netflix AU),1 Free-to-air,"Re-pitch to Free-to-air (Seven, Nine, Ten, ABC, SBS) at renewal"
Minions: The Rise of Gru,2022.0,Animated film,Family & Animation,"BINGE, Foxtel Now",3 Paid streaming (Netflix AU),3 Paid streaming (Netflix AU),Right platform group but not charting - needs marketing support
Despicable Me 3,2017.0,Animated film,Family & Animation,"BINGE, Foxtel Now",3 Paid streaming (Netflix AU),3 Paid streaming (Netflix AU),Right platform group but not charting - needs marketing support
Home,2015.0,Animated film,Family & Animation,"Amazon Prime Video, Amazon Prime Video with Ads, BINGE, Foxtel Now",3 Paid streaming (Netflix AU),3 Paid streaming (Netflix AU),Right platform group but not charting - needs marketing support
Homefront,2013.0,Film,Crime & Thriller,"Amazon Prime Video, Amazon Prime Video with Ads, Stan",3 Paid streaming (Netflix AU),3 Paid streaming (Netflix AU),Right platform group but not charting - needs marketing support
Trolls,2016.0,Animated film,Family & Animation,"Amazon Prime Video, Amazon Prime Video with Ads, BINGE, Foxtel Now, Paramount Plus, Paramount Plus Basic with Ads, Paramount Plus Premium, Paramount+ Amazon Channel, Stan",3 Paid streaming (Netflix AU),3 Paid streaming (Netflix AU),Right platform group but not charting - needs marketing support
Bee Movie,2007.0,Animated film,Family & Animation,"Amazon Prime Video, Amazon Prime Video with Ads, BINGE, Foxtel Now, Netflix, Netflix Kids, Netflix Standard with Ads, Stan",3 Paid streaming (Netflix AU),3 Paid streaming (Netflix AU),Right platform group but not charting - needs marketing support
Jurassic World Dominion,2022.0,Film,Crime & Thriller,"BINGE, Foxtel Now",3 Paid streaming (Netflix AU),3 Paid streaming (Netflix AU),Right platform group but not charting - needs marketing support
Minions,2015.0,Animated film,Family & Animation,Foxtel Now,3 Paid streaming (Netflix AU),3 Paid streaming (Netflix AU),Right platform group but not charting - needs marketing support
Mother's Day,2016.0,Film,Comedy,Stan,3 Paid streaming (Netflix AU),3 Paid streaming (Netflix AU),Right platform group but not charting - needs marketing support
The Bad Guys,2022.0,Animated film,Family & Animation,"BINGE, Foxtel Now",3 Paid streaming (Netflix AU),3 Paid streaming (Netflix AU),Right platform group but not charting - needs marketing support
The Hunting Party,2025.0,Scripted series,Crime & Thriller,7plus,2 BVOD,1 Free-to-air,"Re-pitch to Free-to-air (Seven, Nine, Ten, ABC, SBS) at renewal"
Ticket to Paradise,2022.0,Film,Comedy,"BINGE, Foxtel Now",3 Paid streaming (Netflix AU),3 Paid streaming (Netflix AU),Right platform group but not charting - needs marketing support
Ambulance,2022.0,Film,Crime & Thriller,BINGE,3 Paid streaming (Netflix AU),3 Paid streaming (Netflix AU),Right platform group but not charting - needs marketing support
Casper,1995.0,Film,Family & Animation,"BINGE, Foxtel Now",3 Paid streaming (Netflix AU),3 Paid streaming (Netflix AU),Right platform group but not charting - needs marketing support
Contraband,2012.0,Film,Crime & Thriller,"Paramount Plus, Paramount Plus Basic with Ads, Paramount Plus Premium, Paramount+ Amazon Channel",3 Paid streaming (Netflix AU),3 Paid streaming (Netflix AU),Right platform group but not charting - needs marketing support
Halloween Ends,2022.0,Film,Horror,"BINGE, Foxtel Now",3 Paid streaming (Netflix AU),3 Paid streaming (Netflix AU),Right platform group but not charting - needs marketing support
HIM,2025.0,Film,Horror,"BINGE, Foxtel Now, Netflix, Netflix Standard with Ads",3 Paid streaming (Netflix AU),3 Paid streaming (Netflix AU),Right platform group but not charting - needs marketing support
Jurassic World,2015.0,Film,Crime & Thriller,"Amazon Prime Video, Amazon Prime Video with Ads, Apple TV, Apple TV Amazon Channel, BINGE, Disney Plus, Foxtel Now, Paramount Plus, Paramount Plus Basic with Ads, Paramount Plus Premium, Paramount+ Amazon Channel",3 Paid streaming (Netflix AU),3 Paid streaming (Netflix AU),Right platform group but not charting - needs marketing support
Jurassic World: Fallen Kingdom,2018.0,Film,Crime & Thriller,"Amazon Prime Video, Amazon Prime Video with Ads, BINGE, Foxtel Now, Paramount Plus, Paramount Plus Basic with Ads, Paramount Plus Premium, Paramount+ Amazon Channel",3 Paid streaming (Netflix AU),3 Paid streaming (Netflix AU),Right platform group but not charting - needs marketing support
Knock at the Cabin,2023.0,Film,Horror,Foxtel Now,3 Paid streaming (Netflix AU),3 Paid streaming (Netflix AU),Right platform group but not charting - needs marketing support
Nope,2022.0,Film,Horror,"BINGE, Foxtel Now",3 Paid streaming (Netflix AU),3 Paid streaming (Netflix AU),Right platform group but not charting - needs marketing support
Pitch Perfect,2012.0,Film,Comedy,"BINGE, Disney Plus, Foxtel Now, Stan",3 Paid streaming (Netflix AU),3 Paid streaming (Netflix AU),Right platform group but not charting - needs marketing support
Pitch Perfect 2,2015.0,Film,Comedy,"BINGE, Foxtel Now, Stan",3 Paid streaming (Netflix AU),3 Paid streaming (Netflix AU),Right platform group but not charting - needs marketing support
The Boss,2016.0,Film,Comedy,"BINGE, Foxtel Now, Netflix, Netflix Standard with Ads",3 Paid streaming (Netflix AU),3 Paid streaming (Netflix AU),Right platform group but not charting - needs marketing support
The Great Wall,2016.0,Film,Sci-Fi & Fantasy,"BINGE, Foxtel Now",3 Paid streaming (Netflix AU),3 Paid streaming (Netflix AU),Right platform group but not charting - needs marketing support
Turbo,2013.0,Animated film,Family & Animation,"BINGE, Foxtel Now, Netflix, Netflix Kids, Netflix Standard with Ads, Stan",3 Paid streaming (Netflix AU),3 Paid streaming (Netflix AU),Right platform group but not charting - needs marketing support
