tmdb_name,year,media_type,networks,au_streaming_now,excluded_reason
Law & Order,1990.0,tv,NBC,"7plus, Amazon Prime Video, Amazon Prime Video with Ads, BINGE, Foxtel Now","Already streaming in Australia on 7plus, Amazon Prime Video, Amazon Prime Video with Ads, BINGE, Foxtel Now"
Ted Lasso,2020.0,tv,Apple TV,"Apple TV, Apple TV Amazon Channel",Original of another streamer (Apple TV) - not NBCU's to license
La Brea,2021.0,tv,NBC,"Netflix, Netflix Standard with Ads","Already streaming in Australia on Netflix, Netflix Standard with Ads"
Puss in Boots: The Last Wish,2022.0,movie,,"BINGE, Foxtel Now","Already streaming in Australia on BINGE, Foxtel Now"
All Her Fault,2025.0,tv,Sky Atlantic,"BINGE, Foxtel Now","Already streaming in Australia on BINGE, Foxtel Now"
Minions: The Rise of Gru,2022.0,movie,,"BINGE, Foxtel Now","Already streaming in Australia on BINGE, Foxtel Now"
Despicable Me 3,2017.0,movie,,"BINGE, Foxtel Now","Already streaming in Australia on BINGE, Foxtel Now"
Home,2015.0,movie,,"Amazon Prime Video, Amazon Prime Video with Ads, BINGE, Foxtel Now","Already streaming in Australia on Amazon Prime Video, Amazon Prime Video with Ads, BINGE, Foxtel Now"
Homefront,2013.0,movie,,"Amazon Prime Video, Amazon Prime Video with Ads, Stan","Already streaming in Australia on Amazon Prime Video, Amazon Prime Video with Ads, Stan"
Trolls,2016.0,movie,,"Amazon Prime Video, Amazon Prime Video with Ads, BINGE, Foxtel Now, Paramount Plus, Paramount Plus Basic with Ads, Paramount Plus Premium, Paramount+ Amazon Channel, Stan","Already streaming in Australia on Amazon Prime Video, Amazon Prime Video with Ads, BINGE, Foxtel Now, Paramount Plus, Paramount Plus Basic with Ads, Paramount Plus Premium, Paramount+ Amazon Channel, Stan"
Bee Movie,2007.0,movie,,"Amazon Prime Video, Amazon Prime Video with Ads, BINGE, Foxtel Now, Netflix, Netflix Kids, Netflix Standard with Ads, Stan","Already streaming in Australia on Amazon Prime Video, Amazon Prime Video with Ads, BINGE, Foxtel Now, Netflix, Netflix Kids, Netflix Standard with Ads, Stan"
Jurassic World Dominion,2022.0,movie,,"BINGE, Foxtel Now","Already streaming in Australia on BINGE, Foxtel Now"
Minions,2015.0,movie,,Foxtel Now,Already streaming in Australia on Foxtel Now
Mother's Day,2016.0,movie,,Stan,Already streaming in Australia on Stan
The Bad Guys,2022.0,movie,,"BINGE, Foxtel Now","Already streaming in Australia on BINGE, Foxtel Now"
The Hunting Party,2025.0,tv,NBC,7plus,Already streaming in Australia on 7plus
Ticket to Paradise,2022.0,movie,,"BINGE, Foxtel Now","Already streaming in Australia on BINGE, Foxtel Now"
Ambulance,2022.0,movie,,BINGE,Already streaming in Australia on BINGE
Casper,1995.0,movie,,"BINGE, Foxtel Now","Already streaming in Australia on BINGE, Foxtel Now"
Contraband,2012.0,movie,,"Paramount Plus, Paramount Plus Basic with Ads, Paramount Plus Premium, Paramount+ Amazon Channel","Already streaming in Australia on Paramount Plus, Paramount Plus Basic with Ads, Paramount Plus Premium, Paramount+ Amazon Channel"
Halloween Ends,2022.0,movie,,"BINGE, Foxtel Now","Already streaming in Australia on BINGE, Foxtel Now"
HIM,2025.0,movie,,"BINGE, Foxtel Now, Netflix, Netflix Standard with Ads","Already streaming in Australia on BINGE, Foxtel Now, Netflix, Netflix Standard with Ads"
Jurassic World,2015.0,movie,,"Amazon Prime Video, Amazon Prime Video with Ads, Apple TV, Apple TV Amazon Channel, BINGE, Disney Plus, Foxtel Now, Paramount Plus, Paramount Plus Basic with Ads, Paramount Plus Premium, Paramount+ Amazon Channel","Already streaming in Australia on Amazon Prime Video, Amazon Prime Video with Ads, Apple TV, Apple TV Amazon Channel, BINGE, Disney Plus, Foxtel Now, Paramount Plus, Paramount Plus Basic with Ads, Paramount Plus Premium, Paramount+ Amazon Channel"
Jurassic World: Fallen Kingdom,2018.0,movie,,"Amazon Prime Video, Amazon Prime Video with Ads, BINGE, Foxtel Now, Paramount Plus, Paramount Plus Basic with Ads, Paramount Plus Premium, Paramount+ Amazon Channel","Already streaming in Australia on Amazon Prime Video, Amazon Prime Video with Ads, BINGE, Foxtel Now, Paramount Plus, Paramount Plus Basic with Ads, Paramount Plus Premium, Paramount+ Amazon Channel"
Knock at the Cabin,2023.0,movie,,Foxtel Now,Already streaming in Australia on Foxtel Now
Nope,2022.0,movie,,"BINGE, Foxtel Now","Already streaming in Australia on BINGE, Foxtel Now"
Pitch Perfect,2012.0,movie,,"BINGE, Disney Plus, Foxtel Now, Stan","Already streaming in Australia on BINGE, Disney Plus, Foxtel Now, Stan"
Pitch Perfect 2,2015.0,movie,,"BINGE, Foxtel Now, Stan","Already streaming in Australia on BINGE, Foxtel Now, Stan"
The Boss,2016.0,movie,,"BINGE, Foxtel Now, Netflix, Netflix Standard with Ads","Already streaming in Australia on BINGE, Foxtel Now, Netflix, Netflix Standard with Ads"
The Great Wall,2016.0,movie,,"BINGE, Foxtel Now","Already streaming in Australia on BINGE, Foxtel Now"
Turbo,2013.0,movie,,"BINGE, Foxtel Now, Netflix, Netflix Kids, Netflix Standard with Ads, Stan","Already streaming in Australia on BINGE, Foxtel Now, Netflix, Netflix Kids, Netflix Standard with Ads, Stan"
ted,2024,tv,Peacock,"BINGE, Foxtel Now",Peacock original - covered by Stan's NBCU output deal
The Day of the Jackal,2024,tv,Sky Atlantic|Sky Showcase,"BINGE, Foxtel Now","Already streaming in Australia on BINGE, Foxtel Now"
The Gilded Age,2022,tv,HBO,"Paramount Plus, Paramount Plus Apple TV channel, Paramount Plus Basic with Ads, Paramount Plus Premium, Paramount+ Amazon Channel","Already streaming in Australia on Paramount Plus, Paramount Plus Apple TV channel, Paramount Plus Basic with Ads, Paramount Plus Premium, Paramount+ Amazon Channel"
Loot,2022,tv,Apple TV,"Apple TV, Apple TV Amazon Channel",Original of another streamer - not NBCU's to license
Kung Fu Panda: The Dragon Knight,2022,tv,Netflix,Netflix,Original of another streamer - not NBCU's to license
Jurassic World: Chaos Theory,2024,tv,Netflix,"Netflix, Netflix Standard with Ads",Original of another streamer - not NBCU's to license
St. Denis Medical,2024,tv,NBC,7plus,Already streaming in Australia on 7plus
Brilliant Minds,2024,tv,NBC,"BINGE, Foxtel Now, HBO Max, HBO Max Amazon Channel","Already streaming in Australia on BINGE, Foxtel Now, HBO Max, HBO Max Amazon Channel"
Quantum Leap,2022,tv,NBC,7plus,Already streaming in Australia on 7plus
We Were Liars,2025,tv,Prime Video,"Amazon Prime Video, Amazon Prime Video with Ads",Original of another streamer - not NBCU's to license
The Irrational,2023,tv,NBC,7plus,Already streaming in Australia on 7plus
Bel-Air,2022,tv,Peacock,"9Now, Stan",Peacock original - covered by Stan's NBCU output deal
Night Court,2023,tv,NBC,"HBO Max, HBO Max Amazon Channel","Already streaming in Australia on HBO Max, HBO Max Amazon Channel"
Lockerbie: A Search for Truth,2025,tv,Sky Atlantic,"BINGE, Foxtel Now","Already streaming in Australia on BINGE, Foxtel Now"
Twisted Metal,2023,tv,Peacock,Stan,Peacock original - covered by Stan's NBCU output deal
The Paper,2025,tv,Peacock,"BINGE, Foxtel Now",Peacock original - covered by Stan's NBCU output deal
Long Bright River,2025,tv,Peacock,Stan,Peacock original - covered by Stan's NBCU output deal
Scott Pilgrim Takes Off,2023,tv,Netflix,"Netflix, Netflix Standard with Ads",Original of another streamer - not NBCU's to license
Suits LA,2025,tv,NBC,7plus,Already streaming in Australia on 7plus
Based on a True Story,2023,tv,Peacock,"BINGE, Foxtel Now",Peacock original - covered by Stan's NBCU output deal
On Call,2025,tv,Prime Video,"Amazon Prime Video, Amazon Prime Video with Ads",Original of another streamer - not NBCU's to license
The Boss Baby: Back in the Crib,2022,tv,Netflix,Netflix,Original of another streamer - not NBCU's to license
One Day,2024,tv,Netflix,"Netflix, Netflix Standard with Ads",Original of another streamer - not NBCU's to license
The Lazarus Project,2022,tv,Sky Max,Stan,Already streaming in Australia on Stan
Murdaugh: Death in the Family,2025,tv,Hulu,Disney Plus,Original of another streamer - not NBCU's to license
Gaslit,2022,tv,STARZ,Lionsgate+ Amazon Channel,Already streaming in Australia on Lionsgate+ Amazon Channel
A Friend of the Family,2022,tv,Peacock,7plus,Peacock original - covered by Stan's NBCU output deal
Candy,2022,tv,Hulu,Disney Plus,Original of another streamer - not NBCU's to license
The Copenhagen Test,2025,tv,Peacock,"BINGE, Foxtel Now",Peacock original - covered by Stan's NBCU output deal
Vampire Academy,2022,tv,Peacock,,Peacock original - covered by Stan's NBCU output deal
The Waterfront,2025,tv,Netflix,"Netflix, Netflix Standard with Ads",Original of another streamer - not NBCU's to license
Sweetpea,2024,tv,Sky One|Sky Atlantic|Sky Showcase,"BINGE, Foxtel Now","Already streaming in Australia on BINGE, Foxtel Now"
The Undeclared War,2022,tv,Channel 4,Stan,Already streaming in Australia on Stan
Mary & George,2024,tv,Sky Atlantic,"BINGE, Foxtel Now","Already streaming in Australia on BINGE, Foxtel Now"
Abominable and the Invisible City,2022,tv,Hulu|Peacock,Stan,Peacock original - covered by Stan's NBCU output deal
The Resort,2022,tv,Peacock,,Peacock original - covered by Stan's NBCU output deal
Teacup,2024,tv,Peacock,"BINGE, Foxtel Now",Peacock original - covered by Stan's NBCU output deal
The Tattooist of Auschwitz,2024,tv,Sky Atlantic|Sky Showcase,Stan,Already streaming in Australia on Stan
The Midwich Cuckoos,2022,tv,Sky Max,7plus,Already streaming in Australia on 7plus
Hysteria!,2024,tv,Peacock,"BINGE, Foxtel Now",Peacock original - covered by Stan's NBCU output deal
Blockbuster,2022,tv,Netflix,"Netflix, Netflix Standard with Ads",Original of another streamer - not NBCU's to license
Megamind Rules!,2024,tv,Peacock,,Peacock original - covered by Stan's NBCU output deal
Fight Night: The Million Dollar Heist,2024,tv,Peacock,"BINGE, Foxtel Now",Peacock original - covered by Stan's NBCU output deal
Apples Never Fall,2024,tv,Peacock,"BINGE, Foxtel Now",Peacock original - covered by Stan's NBCU output deal
The Baby,2022,tv,HBO,"BINGE, Foxtel Now, HBO Max, HBO Max Amazon Channel","Already streaming in Australia on BINGE, Foxtel Now, HBO Max, HBO Max Amazon Channel"
War of the Worlds,2025,movie,,"Amazon Prime Video, Amazon Prime Video with Ads","Already streaming in Australia on Amazon Prime Video, Amazon Prime Video with Ads"
The Wild Robot,2024,movie,,"Paramount Plus, Paramount Plus Basic with Ads, Paramount Plus Premium, Paramount+ Amazon Channel","Already streaming in Australia on Paramount Plus, Paramount Plus Basic with Ads, Paramount Plus Premium, Paramount+ Amazon Channel"
The Substance,2024,movie,,"HBO Max, HBO Max Amazon Channel","Already streaming in Australia on HBO Max, HBO Max Amazon Channel"
The Super Mario Bros. Movie,2023,movie,,Paramount+ Amazon Channel,Already streaming in Australia on Paramount+ Amazon Channel
Despicable Me 4,2024,movie,,"Paramount Plus, Paramount Plus Basic with Ads, Paramount Plus Premium, Paramount+ Amazon Channel, Stan","Already streaming in Australia on Paramount Plus, Paramount Plus Basic with Ads, Paramount Plus Premium, Paramount+ Amazon Channel, Stan"
Kung Fu Panda 4,2024,movie,,"Paramount Plus, Paramount Plus Basic with Ads, Paramount Plus Premium, Paramount+ Amazon Channel, Stan","Already streaming in Australia on Paramount Plus, Paramount Plus Basic with Ads, Paramount Plus Premium, Paramount+ Amazon Channel, Stan"
Nosferatu,2024,movie,,"Paramount Plus, Paramount Plus Basic with Ads, Paramount Plus Premium, Paramount+ Amazon Channel","Already streaming in Australia on Paramount Plus, Paramount Plus Basic with Ads, Paramount Plus Premium, Paramount+ Amazon Channel"
The Fall Guy,2024,movie,,"Paramount Plus, Paramount Plus Basic with Ads, Paramount Plus Premium, Paramount+ Amazon Channel, Stan","Already streaming in Australia on Paramount Plus, Paramount Plus Basic with Ads, Paramount Plus Premium, Paramount+ Amazon Channel, Stan"
The Northman,2022,movie,,Stan,Already streaming in Australia on Stan
Abigail,2024,movie,,"Paramount Plus, Paramount Plus Basic with Ads, Paramount Plus Premium, Paramount+ Amazon Channel","Already streaming in Australia on Paramount Plus, Paramount Plus Basic with Ads, Paramount Plus Premium, Paramount+ Amazon Channel"
Violent Night,2022,movie,,"BINGE, Foxtel Now","Already streaming in Australia on BINGE, Foxtel Now"
Cocaine Bear,2023,movie,,Foxtel Now,Already streaming in Australia on Foxtel Now
Wolf Man,2025,movie,,"Paramount Plus, Paramount Plus Basic with Ads, Paramount Plus Premium, Paramount+ Amazon Channel","Already streaming in Australia on Paramount Plus, Paramount Plus Basic with Ads, Paramount Plus Premium, Paramount+ Amazon Channel"
Orion and the Dark,2024,movie,,"Netflix, Netflix Standard with Ads","Already streaming in Australia on Netflix, Netflix Standard with Ads"
Honey Don't!,2025,movie,,"BINGE, Foxtel Now, Netflix, Netflix Standard with Ads","Already streaming in Australia on BINGE, Foxtel Now, Netflix, Netflix Standard with Ads"
She Said,2022,movie,,"BINGE, Foxtel Now","Already streaming in Australia on BINGE, Foxtel Now"
The Exorcist: Believer,2023,movie,,"Paramount Plus, Paramount Plus Basic with Ads, Paramount Plus Premium, Paramount+ Amazon Channel","Already streaming in Australia on Paramount Plus, Paramount Plus Basic with Ads, Paramount Plus Premium, Paramount+ Amazon Channel"
