rank,tier,tmdb_name,year,media_type,format,sales_genre,nbcu_studio,networks,us_strength,best_group,pitch_to,best_fit,opportunity_score,evidence
1,A: US chart hit,The Super Mario Galaxy Movie,2026.0,movie,Animated film,Family & Animation,Illumination,,21.2,3 Paid streaming (Netflix AU),"Paid streamers (Stan, BINGE, Netflix, Prime Video)",131.1,27.8,"US: 1 wk(s) in Nielsen Top 10, best rank #8. AU: never in an Australian Top 10/30 and no Australian streaming home found. Fit: Animated film scores 115 on Paid streaming (Netflix AU); Family & Animation scores 114. Comparable AU hits: Kpop Demon Hunters, Danny Go!, Swapped."
2,A: US chart hit,Homicide Squad New Orleans,2025.0,tv,Documentary,Documentary,Wolf Entertainment,A&E,16.2,3 Paid streaming (Netflix AU),"Paid streamers (Stan, BINGE, Netflix, Prime Video)",160.07999999999998,25.9,"US: 1 wk(s) in Netflix US Top 10, best rank #9. AU: never in an Australian Top 10/30 and no Australian streaming home found. Fit: Documentary scores 138 on Paid streaming (Netflix AU); Documentary scores 116. Comparable AU hits: Death Of The Pastor'S Wife, Sean Combs: The Reckoning, The Idaho Murders: College Nightmare."
3,A: US chart hit,Straight Outta Compton,2015.0,movie,Film,Drama,Universal Pictures,,26.2,3 Paid streaming (Netflix AU),"Paid streamers (Stan, BINGE, Netflix, Prime Video)",72.8,19.1,"US: 1 wk(s) in Netflix US Top 10, best rank #7. AU: never in an Australian Top 10/30 and no Australian streaming home found. Fit: Film scores 112 on Paid streaming (Netflix AU); Drama scores 65. Comparable AU hits: Bridgerton, My Life With The Walter Boys, Virgin River."
4,A: US chart hit,Welcome Home Roscoe Jenkins,2008.0,movie,Film,Family & Animation,Universal Pictures,,11.2,3 Paid streaming (Netflix AU),"Paid streamers (Stan, BINGE, Netflix, Prime Video)",127.67999999999999,14.3,"US: 1 wk(s) in Netflix US Top 10, best rank #10. AU: never in an Australian Top 10/30 and no Australian streaming home found. Fit: Film scores 112 on Paid streaming (Netflix AU); Family & Animation scores 114. Comparable AU hits: Kpop Demon Hunters, Danny Go!, Swapped."
5,B: strong US signal (TMDB),Migration,2023,movie,Animated film,Family & Animation,Universal Pictures,,50.0,3 Paid streaming (Netflix AU),"Paid streamers (Stan, BINGE, Netflix, Prime Video)",131.1,65.6,"US: no Top 10 week in our sample, but strong TMDB audience signal (popularity 26, 2330 votes). AU: no Australian streaming home found. Fit: Animated film scores 115 on Paid streaming (Netflix AU); Family & Animation scores 114. Comparable AU hits: Kpop Demon Hunters, Danny Go!, Swapped."
6,B: strong US signal (TMDB),Fast X,2023,movie,Film,Crime & Thriller,Universal Pictures,,55.0,3 Paid streaming (Netflix AU),"Paid streamers (Stan, BINGE, Netflix, Prime Video)",107.52,59.1,"US: no Top 10 week in our sample, but strong TMDB audience signal (popularity 37, 6528 votes). AU: no Australian streaming home found. Fit: Film scores 112 on Paid streaming (Netflix AU); Crime & Thriller scores 96. Comparable AU hits: Stranger Things, I Will Find You, His & Hers."
7,B: strong US signal (TMDB),"Ruby Gillman, Teenage Kraken",2023,movie,Animated film,Family & Animation,DreamWorks Animation,,45.0,3 Paid streaming (Netflix AU),"Paid streamers (Stan, BINGE, Netflix, Prime Video)",131.1,59.0,"US: no Top 10 week in our sample, but strong TMDB audience signal (popularity 15, 1143 votes). AU: no Australian streaming home found. Fit: Animated film scores 115 on Paid streaming (Netflix AU); Family & Animation scores 114. Comparable AU hits: Kpop Demon Hunters, Danny Go!, Swapped."
8,B: strong US signal (TMDB),Renfield,2023,movie,Film,Horror,Universal Pictures,,35.0,3 Paid streaming (Netflix AU),"Paid streamers (Stan, BINGE, Netflix, Prime Video)",150.08,52.5,"US: no Top 10 week in our sample, but strong TMDB audience signal (popularity 12, 2263 votes). AU: no Australian streaming home found. Fit: Film scores 112 on Paid streaming (Netflix AU); Horror scores 134. Comparable AU hits: The Last House, Thrash, Frankenstein."
9,B: strong US signal (TMDB),Trolls Band Together,2023,movie,Animated film,Family & Animation,DreamWorks Animation,,40.0,3 Paid streaming (Netflix AU),"Paid streamers (Stan, BINGE, Netflix, Prime Video)",131.1,52.4,"US: no Top 10 week in our sample, but strong TMDB audience signal (popularity 15, 1036 votes). AU: no Australian streaming home found. Fit: Animated film scores 115 on Paid streaming (Netflix AU); Family & Animation scores 114. Comparable AU hits: Kpop Demon Hunters, Danny Go!, Swapped."
10,B: strong US signal (TMDB),Night Swim,2024,movie,Film,Horror,Universal Pictures,,30.0,3 Paid streaming (Netflix AU),"Paid streamers (Stan, BINGE, Netflix, Prime Video)",150.08,45.0,"US: no Top 10 week in our sample, but strong TMDB audience signal (popularity 12, 905 votes). AU: no Australian streaming home found. Fit: Film scores 112 on Paid streaming (Netflix AU); Horror scores 134. Comparable AU hits: The Last House, Thrash, Frankenstein."
11,B: strong US signal (TMDB),Oppenheimer,2023,movie,Film,Drama,Universal Pictures,,60.0,3 Paid streaming (Netflix AU),"Paid streamers (Stan, BINGE, Netflix, Prime Video)",72.8,43.7,"US: no Top 10 week in our sample, but strong TMDB audience signal (popularity 52, 12603 votes). AU: no Australian streaming home found. Fit: Film scores 112 on Paid streaming (Netflix AU); Drama scores 65. Comparable AU hits: Bridgerton, My Life With The Walter Boys, Virgin River."
12,B: strong US signal (TMDB),The Endgame,2022,tv,Scripted series,Crime & Thriller,Universal Television,NBC,10.0,1 Free-to-air,"Free-to-air (Seven, Nine, Ten, ABC, SBS)",1059.87,30.0,"US: no Top 10 week in our sample, but strong TMDB audience signal (popularity 9, 129 votes). AU: no Australian streaming home found. Fit: Scripted series scores 343 on Free-to-air; Crime & Thriller scores 309. Comparable AU hits: The Rookie, Art Detectives, 9-1-1."
13,B: strong US signal (TMDB),Redeeming Love,2022,movie,Film,Action & Adventure,Universal Pictures,,25.0,3 Paid streaming (Netflix AU),"Paid streamers (Stan, BINGE, Netflix, Prime Video)",116.48,29.1,"US: no Top 10 week in our sample, but strong TMDB audience signal (popularity 12, 777 votes). AU: no Australian streaming home found. Fit: Film scores 112 on Paid streaming (Netflix AU); Action & Adventure scores 104. Comparable AU hits: Ransom Canyon, The Diplomat, Boots."
14,B: strong US signal (TMDB),Drive-Away Dolls,2024,movie,Film,Crime & Thriller,Focus Features,,20.0,3 Paid streaming (Netflix AU),"Paid streamers (Stan, BINGE, Netflix, Prime Video)",107.52,21.5,"US: no Top 10 week in our sample, but strong TMDB audience signal (popularity 11, 626 votes). AU: no Australian streaming home found. Fit: Film scores 112 on Paid streaming (Netflix AU); Crime & Thriller scores 96. Comparable AU hits: Stranger Things, I Will Find You, His & Hers."
15,B: strong US signal (TMDB),Strays,2023,movie,Film,Action & Adventure,Universal Pictures,,15.0,3 Paid streaming (Netflix AU),"Paid streamers (Stan, BINGE, Netflix, Prime Video)",116.48,17.5,"US: no Top 10 week in our sample, but strong TMDB audience signal (popularity 10, 1051 votes). AU: no Australian streaming home found. Fit: Film scores 112 on Paid streaming (Netflix AU); Action & Adventure scores 104. Comparable AU hits: Ransom Canyon, The Diplomat, Boots."
16,B: strong US signal (TMDB),The Rising,2022,tv,Scripted series,Crime & Thriller,Sky Studios,Sky Max,5.0,1 Free-to-air,"Free-to-air (Seven, Nine, Ten, ABC, SBS)",1059.87,15.0,"US: no Top 10 week in our sample, but strong TMDB audience signal (popularity 5, 54 votes). AU: no Australian streaming home found. Fit: Scripted series scores 343 on Free-to-air; Crime & Thriller scores 309. Comparable AU hits: The Rookie, Art Detectives, 9-1-1."
