segment_type,segment,platform_group,au_share_of_us_content,us_chart_share,travel_score,au_titles,small_sample,example_titles
genre,Action & Adventure,1 Free-to-air,0.0,0.0342,0,0,True,
genre,Comedy,1 Free-to-air,0.0103,0.1251,8,2,True,"Can You Keep A Secret?, National Lampoon’S Christmas Vacation"
genre,Crime & Thriller,1 Free-to-air,0.9639,0.3116,309,3,False,"The Rookie, Art Detectives, 9-1-1"
genre,Documentary,1 Free-to-air,0.0258,0.1163,22,1,True,The Michael Jackson Story
genre,Drama,1 Free-to-air,0.0,0.0796,0,0,True,
genre,Family & Animation,1 Free-to-air,0.0,0.1643,0,0,True,
genre,Horror,1 Free-to-air,0.0,0.0316,0,0,True,
genre,Other,1 Free-to-air,0.0,0.0019,0,0,True,
genre,Reality,1 Free-to-air,0.0,0.086,0,0,True,
genre,Romance,1 Free-to-air,0.0,0.0056,0,0,True,
genre,Sci-Fi & Fantasy,1 Free-to-air,0.0,0.0439,0,0,True,
genre,Action & Adventure,2 BVOD,0.0046,0.0342,14,2,True,"M*A*S*H, Cool Runnings"
genre,Comedy,2 BVOD,0.014,0.1251,11,2,True,"Can You Keep A Secret?, National Lampoon’S Christmas Vacation"
genre,Crime & Thriller,2 BVOD,0.9226,0.3116,296,6,False,"The Rookie, 9-1-1, Murder In A Small Town"
genre,Documentary,2 BVOD,0.0308,0.1163,26,1,True,The Michael Jackson Story
genre,Drama,2 BVOD,0.0,0.0796,0,0,True,
genre,Family & Animation,2 BVOD,0.0,0.1643,0,0,True,
genre,Horror,2 BVOD,0.0,0.0316,0,0,True,
genre,Other,2 BVOD,0.028,0.0019,1499,2,True,"The Oscars, Wicked: One Wonderful Night"
genre,Reality,2 BVOD,0.0,0.086,0,0,True,
genre,Romance,2 BVOD,0.0,0.0056,0,0,True,
genre,Sci-Fi & Fantasy,2 BVOD,0.0,0.0439,0,0,True,
genre,Action & Adventure,3 Paid streaming (Netflix AU),0.0356,0.0342,104,16,False,"Ransom Canyon, The Diplomat, Boots"
genre,Comedy,3 Paid streaming (Netflix AU),0.1471,0.1251,118,48,False,"Voicemails For Isabelle, Nobody Wants This, Emily In Paris"
genre,Crime & Thriller,3 Paid streaming (Netflix AU),0.2999,0.3116,96,77,False,"Stranger Things, I Will Find You, His & Hers"
genre,Documentary,3 Paid streaming (Netflix AU),0.1355,0.1163,116,39,False,"Death Of The Pastor'S Wife, Sean Combs: The Reckoning, The Idaho Murders: College Nightmare"
genre,Drama,3 Paid streaming (Netflix AU),0.0519,0.0796,65,14,False,"Bridgerton, My Life With The Walter Boys, Virgin River"
genre,Family & Animation,3 Paid streaming (Netflix AU),0.1865,0.1643,114,49,False,"Kpop Demon Hunters, Danny Go!, Swapped"
genre,Horror,3 Paid streaming (Netflix AU),0.0424,0.0316,134,18,False,"The Last House, Thrash, Frankenstein"
genre,Other,3 Paid streaming (Netflix AU),0.0005,0.0019,25,2,True,"Baby Shark Hospital Play, Hot Ones: Extra Heat"
genre,Reality,3 Paid streaming (Netflix AU),0.0433,0.086,50,14,False,"Salish & Jordan Matter, Love On The Spectrum, Reality Check: Inside America'S Next Top Model"
genre,Romance,3 Paid streaming (Netflix AU),0.0077,0.0056,137,4,False,"Song Sung Blue, Ruth & Boaz, A Royal Winter"
genre,Sci-Fi & Fantasy,3 Paid streaming (Netflix AU),0.0496,0.0439,113,23,False,"Jurassic World Rebirth, Ladies First, The Witcher"
format,Animated film,1 Free-to-air,0.0,0.0952,0,0,True,
format,Animated series,1 Free-to-air,0.0,0.0216,0,0,True,
format,Documentary,1 Free-to-air,0.0,0.0607,0,0,True,
format,Film,1 Free-to-air,0.0361,0.3836,9,3,False,"The Michael Jackson Story, Can You Keep A Secret?, National Lampoon’S Christmas Vacation"
format,Reality / unscripted,1 Free-to-air,0.0,0.086,0,0,True,
format,Scripted limited series,1 Free-to-air,0.0,0.0698,0,0,True,
format,Scripted series,1 Free-to-air,0.9639,0.2812,343,3,False,"The Rookie, Art Detectives, 9-1-1"
format,Talk / variety,1 Free-to-air,0.0,0.0019,0,0,True,
format,Animated film,2 BVOD,0.0,0.0952,0,0,True,
format,Animated series,2 BVOD,0.0,0.0216,0,0,True,
format,Documentary,2 BVOD,0.0,0.0607,0,0,True,
format,Film,2 BVOD,0.0588,0.3836,15,5,False,"The Michael Jackson Story, Wicked: One Wonderful Night, Can You Keep A Secret?"
format,Reality / unscripted,2 BVOD,0.0,0.086,0,0,True,
format,Scripted limited series,2 BVOD,0.0121,0.0698,17,1,True,The Girl From Plainville
format,Scripted series,2 BVOD,0.9291,0.2812,330,7,False,"The Rookie, 9-1-1, Murder In A Small Town"
format,Talk / variety,2 BVOD,0.0,0.0019,0,0,True,
format,Animated film,3 Paid streaming (Netflix AU),0.1097,0.0952,115,30,False,"Kpop Demon Hunters, Swapped, Paw Patrol: The Movie"
format,Animated series,3 Paid streaming (Netflix AU),0.0091,0.0216,42,5,False,"Gabby'S Dollhouse, Rick And Morty, The Creature Cases"
format,Documentary,3 Paid streaming (Netflix AU),0.0838,0.0607,138,20,False,"Death Of The Pastor'S Wife, Sean Combs: The Reckoning, The Idaho Murders: College Nightmare"
format,Film,3 Paid streaming (Netflix AU),0.4303,0.3836,112,166,False,"Apex, Voicemails For Isabelle, The Rip"
format,Reality / unscripted,3 Paid streaming (Netflix AU),0.0433,0.086,50,14,False,"Salish & Jordan Matter, Love On The Spectrum, Reality Check: Inside America'S Next Top Model"
format,Scripted limited series,3 Paid streaming (Netflix AU),0.0603,0.0698,86,11,False,"I Will Find You, His & Hers, Run Away"
format,Scripted series,3 Paid streaming (Netflix AU),0.2633,0.2812,94,57,False,"Danny Go!, Stranger Things, Bridgerton"
format,Talk / variety,3 Paid streaming (Netflix AU),0.0002,0.0019,12,1,True,Hot Ones: Extra Heat
