title,markets,sources,tmdb_name,year,media_type,tmdb_id,match_score,link_type,family_key
BEYOND PARADISE: CHRISTMAS SPECIAL (2024),AU,voz,Beyond Paradise,2023.0,tv,205072.0,80.0,AU chart -> non-AU series,tv:205072
CALL THE MIDWIFE: CHRISTMAS SPECIAL (2024),AU,voz,Call the Midwife,2012.0,tv,39793.0,80.0,AU chart -> non-AU series,tv:39793
CALL THE MIDWIFE: CHRISTMAS SPECIAL (2024) TX 2,AU,voz,Call the Midwife,2012.0,tv,39793.0,80.0,AU chart -> non-AU series,tv:39793
DEATH IN PARADISE: CHRISTMAS SPECIAL (2024),AU,voz,Death in Paradise,2011.0,tv,41956.0,80.0,AU chart -> non-AU series,tv:41956
LONG LOST FAMILY: SHIPPED TO AUSTRALIA,AU,voz,Long Lost Family,2011.0,tv,39265.0,80.0,AU chart -> non-AU series,tv:39265
THE RECKONING: INSIDE THE EPSTEIN FILES,AU,voz,The Reckoning,2023.0,tv,197193.0,80.0,AU chart -> non-AU series,tv:197193
TIPPING POINT: 70 YEARS OF TV,AU,voz,Tipping Point,2012.0,tv,56926.0,80.0,AU chart -> non-AU series,tv:56926
TIPPING POINT: CELEBRITY SPECIAL,AU,voz,Tipping Point,2012.0,tv,56926.0,80.0,AU chart -> non-AU series,tv:56926
TIPPING POINT: TRAVEL GUIDES,AU,voz,Tipping Point,2012.0,tv,56926.0,80.0,AU chart -> non-AU series,tv:56926
COUNT OF MONTE CRISTO,AU,voz,The Count of Monte Cristo,2025.0,tv,240456.0,92.0,AU chart -> non-AU series,tv:240456
9-1-1,AU,voz,9-1-1,2018.0,tv,75219.0,100.0,AU chart -> non-AU series,tv:75219
ALL CREATURES GREAT AND SMALL,AU,voz,All Creatures Great & Small,2020.0,tv,108255.0,100.0,AU chart -> non-AU series,tv:108255
ANTIQUES ROADSHOW,AU,voz,Antiques Roadshow,1979.0,tv,2042.0,100.0,AU chart -> non-AU series,tv:2042
ART DETECTIVES,AU,voz,Art Detectives,2025.0,tv,272947.0,100.0,AU chart -> non-AU series,tv:272947
BANJO AND RO’S GRAND ISLAND HOTEL,AU,voz,Banjo and Ro’s Grand Island Hotel,2026.0,tv,310044.0,100.0,AU chart -> non-AU series,tv:310044
BERGERAC,AU,voz,Bergerac,1981.0,tv,1596.0,100.0,AU chart -> non-AU series,tv:1596
BEYOND PARADISE,AU,voz,Beyond Paradise,2023.0,tv,205072.0,100.0,AU chart -> non-AU series,tv:205072
BLUE LIGHTS,AU,voz,Blue Lights,2023.0,tv,218344.0,100.0,AU chart -> non-AU series,tv:218344
BLUE MURDER MOTEL,AU,voz,Blue Murder Motel,2026.0,tv,310925.0,100.0,AU chart -> non-AU series,tv:310925
BORDER PATROL,AU,voz,Border Patrol,2002.0,tv,19910.0,100.0,AU chart -> non-AU series,tv:19910
CALL THE MIDWIFE,AU,voz,Call the Midwife,2012.0,tv,39793.0,100.0,AU chart -> non-AU series,tv:39793
CLARKSON’S FARM,AU,voz,Clarkson's Farm,2021.0,tv,117648.0,100.0,AU chart -> non-AU series,tv:117648
COOPER & FRY,AU,voz,Cooper & Fry,2025.0,tv,296520.0,100.0,AU chart -> non-AU series,tv:296520
DEATH IN PARADISE,AU,voz,Death in Paradise,2011.0,tv,41956.0,100.0,AU chart -> non-AU series,tv:41956
DEATH VALLEY,AU,voz,Death Valley,2025.0,tv,254897.0,100.0,AU chart -> non-AU series,tv:254897
FRAUDS,AU,voz,Frauds,2025.0,tv,285368.0,100.0,AU chart -> non-AU series,tv:285368
GRAND DESIGNS,AU,voz,Grand Designs,1999.0,tv,1831.0,100.0,AU chart -> non-AU series,tv:1831
GRAND DESIGNS NEW ZEALAND,AU,voz,Grand Designs New Zealand,2015.0,tv,64615.0,100.0,AU chart -> non-AU series,tv:64615
GRANTCHESTER,AU,voz,Grantchester,2014.0,tv,61457.0,100.0,AU chart -> non-AU series,tv:61457
HITLER: A LIFE IN PICTURES,AU,voz,Hitler: A Life in Pictures,2022.0,tv,218550.0,100.0,AU chart -> non-AU series,tv:218550
KING & CONQUEROR,AU,voz,King & Conqueror,2025.0,tv,240558.0,100.0,AU chart -> non-AU series,tv:240558
M*A*S*H,AU,voz,M*A*S*H,1972.0,tv,918.0,100.0,AU chart -> non-AU series,tv:918
MAIGRET,AU,voz,Maigret,1960.0,tv,26992.0,100.0,AU chart -> non-AU series,tv:26992
MIDSOMER MURDERS,AU,voz,Midsomer Murders,1997.0,tv,764.0,100.0,AU chart -> non-AU series,tv:764
MURDER IN A SMALL TOWN,AU,voz,Murder in a Small Town,2024.0,tv,241549.0,100.0,AU chart -> non-AU series,tv:241549
NEW ZEALAND SPY,AU,voz,New Zealand Spy,2026.0,tv,320348.0,100.0,AU chart -> non-AU series,tv:320348
OFF THE GRID WITH COLIN AND MANU,AU,voz,Off the Grid with Colin and Manu,2025.0,tv,295074.0,100.0,AU chart -> non-AU series,tv:295074
PATIENCE,AU,voz,Patience,2025.0,tv,279603.0,100.0,AU chart -> non-AU series,tv:279603
PROFESSOR T,AU,voz,Professor T,2021.0,tv,126660.0,100.0,AU chart -> non-AU series,tv:126660
SHETLAND,AU,voz,Shetland,2013.0,tv,46923.0,100.0,AU chart -> non-AU series,tv:46923
THE FORSYTES,AU,voz,The Forsytes,2025.0,tv,286255.0,100.0,AU chart -> non-AU series,tv:286255
THE FRONT BAR,AU,voz,The Front Bar,,tv,88585.0,100.0,AU chart -> non-AU series,tv:88585
THE GIRL FROM PLAINVILLE,AU,voz,The Girl from Plainville,2022.0,tv,107114.0,100.0,AU chart -> non-AU series,tv:107114
THE GIRL WHO CAUGHT A KILLER,AU,voz,The Girl Who Caught a Killer,2025.0,tv,292286.0,100.0,AU chart -> non-AU series,tv:292286
THE GRAND TOUR,AU,voz,The Grand Tour,2016.0,tv,67557.0,100.0,AU chart -> non-AU series,tv:67557
THE GREAT ART FRAUD,AU,voz,The Great Art Fraud,2025.0,tv,299303.0,100.0,AU chart -> non-AU series,tv:299303
THE HARDACRES,AU,voz,The Hardacres,2024.0,tv,231751.0,100.0,AU chart -> non-AU series,tv:231751
THE HUNTING WIVES,AU,voz,The Hunting Wives,2025.0,tv,244447.0,100.0,AU chart -> non-AU series,tv:244447
THE JETTY,AU,voz,The Jetty,2024.0,tv,233324.0,100.0,AU chart -> non-AU series,tv:233324
THE OSCARS,AU,voz,The Oscars,1953.0,tv,27023.0,100.0,AU chart -> non-AU series,tv:27023
THE ROOKIE,AU,voz,The Rookie,2018.0,tv,79744.0,100.0,AU chart -> non-AU series,tv:79744
THE TONY BLAIR STORY,AU,voz,The Tony Blair Story,2026.0,tv,313523.0,100.0,AU chart -> non-AU series,tv:313523
TIPPING POINT,AU,voz,Tipping Point,2012.0,tv,56926.0,100.0,AU chart -> non-AU series,tv:56926
TRESPASSES,AU,voz,Trespasses,2025.0,tv,260650.0,100.0,AU chart -> non-AU series,tv:260650
VERA,AU,voz,Vera,2011.0,tv,39185.0,100.0,AU chart -> non-AU series,tv:39185
ALONE AUSTRALIA,AU,voz,Alone Australia,2023.0,tv,223418.0,100.0,local format version,tv:63726
LOVE ISLAND AUSTRALIA,AU,voz,Love Island Australia,2018.0,tv,79792.0,100.0,local format version,tv:90521
Operation Safed Sagar: The Highest Air Force Mission,AU,netflix,Operation Safed Sagar: The Untold Story of the Kargil War,2026.0,tv,284753.0,55.0,same TMDB title,tv:284753
BORDER SECURITY,AU,voz,Border Security: Australia's Front Line,2004.0,tv,2727.0,63.0,same TMDB title,tv:2727
BORDER SECURITY: INTERNATIONAL,AU,voz,Border Security: Australia's Front Line,2004.0,tv,2727.0,63.0,same TMDB title,tv:2727
Dr. Seuss' The Lorax,AU,netflix,The Lorax,2012.0,movie,73723.0,67.0,same TMDB title,movie:73723
BUT ALSO JOHN CLARKE,AU,voz,Not Only Fred Dagg But Also John Clarke,2025.0,movie,1500516.0,68.0,same TMDB title,movie:1500516
The Expendables 4,US,netflix,Expend4bles,2023.0,movie,299054.0,72.0,same TMDB title,movie:299054
WORKING CLASS MAN,AU,voz,Jimmy Barnes: Working Class Man,2025.0,movie,1511502.0,72.0,same TMDB title,movie:1511502
Anne Rice's Mayfair Witches,AU,netflix,Mayfair Witches,2023.0,tv,207863.0,74.0,same TMDB title,tv:207863
Dhurandhar The Revenge (Raw & Undekha),AU,netflix,Dhurandhar: The Revenge,2026.0,movie,1582770.0,74.0,same TMDB title,movie:1582770
THE TRAITORS AUSTRALIA,AU,voz,The Traitors,2022.0,tv,212457.0,76.0,same TMDB title,tv:212457
STEEL BALL RUN JoJo’s Bizarre Adventure,US,netflix,JoJo's Bizarre Adventure,2012.0,tv,45790.0,77.0,same TMDB title,tv:45790
BEYOND THE DREAM: ICE BREAKERS,AU,voz,Beyond The Dream,2024.0,tv,260867.0,80.0,same TMDB title,tv:260867
BIG BROTHER AUSTRALIA,AU,voz,Big Brother,2001.0,tv,990.0,80.0,same TMDB title,tv:990
Dave Chappelle: The Unstoppable...,AU|US,netflix,Dave Chappelle,2017.0,tv,70830.0,80.0,same TMDB title,tv:70830
Dracula: A Love Tale,AU,netflix,Dracula,2025.0,movie,1246049.0,80.0,same TMDB title,movie:1246049
Gran Turismo: Based on a True Story,AU,netflix,Gran Turismo,2023.0,movie,980489.0,80.0,same TMDB title,movie:980489
"Instadocs: Alex Murdaugh, Unconvicted",AU|US,netflix,Instadocs,2026.0,tv,334250.0,80.0,same TMDB title,tv:334250
Instadocs: The Decoy Plane,AU|US,netflix,Instadocs,2026.0,tv,334250.0,80.0,same TMDB title,tv:334250
Kill Tony: Once Upon a Time in Texas,US,netflix,Kill Tony,,tv,292601.0,80.0,same TMDB title,tv:292601
Let's Marry Harry: The Reunion,AU|US,netflix,Let's Marry Harry,2026.0,tv,327817.0,80.0,same TMDB title,tv:327817
RBT,AU,voz,RBT.AU,2010.0,tv,39208.0,80.0,same TMDB title,tv:39208
THE 1% CLUB UK,AU,voz,The 1% Club,2023.0,tv,225523.0,80.0,same TMDB title,tv:225523
THE 1% CLUB UK: ROLLOVER,AU,voz,The 1% Club,2023.0,tv,225523.0,80.0,same TMDB title,tv:225523
Tom Segura: Teacher,AU|US,netflix,Tom Segura,2014.0,tv,271950.0,80.0,same TMDB title,tv:271950
The Great British Baking Show,US,netflix,The Great British Bake Off,2017.0,tv,87012.0,84.0,same TMDB title,tv:87012
