week_start,week_label,list,rank,title,minutes_millions,episodes,provider,source_url,verified
2025-11-03,"Nov. 03 – Nov. 09, 2025",Overall,1,Frankenstein (2025),1258,,Netflix,web search (cached nielsen.com/data-center/top-ten page),not independently confirmed (paywalled/unavailable); figures consistent with confirmed rows
2025-11-03,"Nov. 03 – Nov. 09, 2025",Overall,2,The Witcher,945,,Netflix,web search (cached nielsen.com/data-center/top-ten page),not independently confirmed (paywalled/unavailable); figures consistent with confirmed rows
2025-11-03,"Nov. 03 – Nov. 09, 2025",Overall,3,Stranger Things,921,,Netflix,web search (cached nielsen.com/data-center/top-ten page),not independently confirmed (paywalled/unavailable); figures consistent with confirmed rows
2025-11-03,"Nov. 03 – Nov. 09, 2025",Overall,4,Grey's Anatomy,866,,Hulu | Netflix,web search (cached nielsen.com/data-center/top-ten page),not independently confirmed (paywalled/unavailable); figures consistent with confirmed rows
2025-11-03,"Nov. 03 – Nov. 09, 2025",Overall,5,NCIS,770,,Hulu | Netflix | Paramount+ | Pluto TV,web search (cached nielsen.com/data-center/top-ten page),not independently confirmed (paywalled/unavailable); figures consistent with confirmed rows
2025-11-03,"Nov. 03 – Nov. 09, 2025",Overall,6,Bluey,768,,Disney+,web search (cached nielsen.com/data-center/top-ten page),not independently confirmed (paywalled/unavailable); figures consistent with confirmed rows
2025-11-03,"Nov. 03 – Nov. 09, 2025",Overall,7,Bob's Burgers,709,,Hulu,web search (cached nielsen.com/data-center/top-ten page),not independently confirmed (paywalled/unavailable); figures consistent with confirmed rows
2025-11-03,"Nov. 03 – Nov. 09, 2025",Overall,8,Law & Order,689,,Hulu | Peacock,web search (cached nielsen.com/data-center/top-ten page),not independently confirmed (paywalled/unavailable); figures consistent with confirmed rows
2025-11-03,"Nov. 03 – Nov. 09, 2025",Overall,9,KPop Demon Hunters,588,,Netflix,web search (cached nielsen.com/data-center/top-ten page),not independently confirmed (paywalled/unavailable); figures consistent with confirmed rows
2025-11-03,"Nov. 03 – Nov. 09, 2025",Overall,10,The Fantastic Four: First Steps,556,,Disney+,web search (cached nielsen.com/data-center/top-ten page),not independently confirmed (paywalled/unavailable); figures consistent with confirmed rows
2025-11-10,"Nov. 10 – Nov. 16, 2025",Overall,1,Stranger Things,1345,,Netflix,web search (cached nielsen.com/data-center/top-ten page),"yes - Adweek 'Streaming Ratings, Week of November 10'; TheWrap (All Her Fault 867m)"
2025-11-10,"Nov. 10 – Nov. 16, 2025",Overall,2,Frankenstein (2025),1107,,Netflix,web search (cached nielsen.com/data-center/top-ten page),"yes - Adweek 'Streaming Ratings, Week of November 10'; TheWrap (All Her Fault 867m)"
2025-11-10,"Nov. 10 – Nov. 16, 2025",Overall,3,The Beast in Me,952,,Netflix,web search (cached nielsen.com/data-center/top-ten page),"yes - Adweek 'Streaming Ratings, Week of November 10'; TheWrap (All Her Fault 867m)"
2025-11-10,"Nov. 10 – Nov. 16, 2025",Overall,4,All Her Fault,867,,Peacock,web search (cached nielsen.com/data-center/top-ten page),"yes - Adweek 'Streaming Ratings, Week of November 10'; TheWrap (All Her Fault 867m)"
2025-11-10,"Nov. 10 – Nov. 16, 2025",Overall,5,Grey's Anatomy,853,,Hulu | Netflix,web search (cached nielsen.com/data-center/top-ten page),not independently confirmed (paywalled/unavailable); figures consistent with confirmed rows
2025-11-10,"Nov. 10 – Nov. 16, 2025",Overall,6,NCIS,762,,Hulu | Netflix | Paramount+ | Pluto TV,web search (cached nielsen.com/data-center/top-ten page),not independently confirmed (paywalled/unavailable); figures consistent with confirmed rows
2025-11-10,"Nov. 10 – Nov. 16, 2025",Overall,7,Bluey,759,,Disney+,web search (cached nielsen.com/data-center/top-ten page),not independently confirmed (paywalled/unavailable); figures consistent with confirmed rows
2025-11-10,"Nov. 10 – Nov. 16, 2025",Overall,8,Gunsmoke,757,,Paramount+ | Peacock | Pluto TV,web search (cached nielsen.com/data-center/top-ten page),not independently confirmed (paywalled/unavailable); figures consistent with confirmed rows
2025-11-10,"Nov. 10 – Nov. 16, 2025",Overall,9,Bob's Burgers,713,,Hulu,web search (cached nielsen.com/data-center/top-ten page),not independently confirmed (paywalled/unavailable); figures consistent with confirmed rows
2025-11-10,"Nov. 10 – Nov. 16, 2025",Overall,10,The Secret Lives of Mormon Wives,651,,Hulu,web search (cached nielsen.com/data-center/top-ten page),not independently confirmed (paywalled/unavailable); figures consistent with confirmed rows
2025-11-10,"Nov. 10 – Nov. 16, 2025",Movies,1,Frankenstein (2025),1107,,Netflix,web search (cached nielsen.com/data-center/top-ten page),not independently confirmed (paywalled/unavailable); figures consistent with confirmed rows
2025-11-10,"Nov. 10 – Nov. 16, 2025",Movies,2,KPop Demon Hunters,571,,Netflix,web search (cached nielsen.com/data-center/top-ten page),not independently confirmed (paywalled/unavailable); figures consistent with confirmed rows
2025-11-10,"Nov. 10 – Nov. 16, 2025",Movies,3,Playdate,559,,Prime Video,web search (cached nielsen.com/data-center/top-ten page),not independently confirmed (paywalled/unavailable); figures consistent with confirmed rows
2025-11-10,"Nov. 10 – Nov. 16, 2025",Movies,4,The Marksman,402,,Netflix | Pluto TV,web search (cached nielsen.com/data-center/top-ten page),not independently confirmed (paywalled/unavailable); figures consistent with confirmed rows
2025-11-10,"Nov. 10 – Nov. 16, 2025",Movies,5,Freakier Friday,374,,Disney+,web search (cached nielsen.com/data-center/top-ten page),not independently confirmed (paywalled/unavailable); figures consistent with confirmed rows
2025-11-10,"Nov. 10 – Nov. 16, 2025",Movies,6,Being Eddie,367,,Netflix,web search (cached nielsen.com/data-center/top-ten page),not independently confirmed (paywalled/unavailable); figures consistent with confirmed rows
2025-11-10,"Nov. 10 – Nov. 16, 2025",Movies,7,The Fantastic Four: First Steps,344,,Disney+,web search (cached nielsen.com/data-center/top-ten page),not independently confirmed (paywalled/unavailable); figures consistent with confirmed rows
2025-11-10,"Nov. 10 – Nov. 16, 2025",Movies,8,A Merry Little Ex-Mas,339,,Netflix,web search (cached nielsen.com/data-center/top-ten page),not independently confirmed (paywalled/unavailable); figures consistent with confirmed rows
2025-11-10,"Nov. 10 – Nov. 16, 2025",Movies,9,How the Grinch Stole Christmas (2000),290,,Peacock,web search (cached nielsen.com/data-center/top-ten page),not independently confirmed (paywalled/unavailable); figures consistent with confirmed rows
2025-11-10,"Nov. 10 – Nov. 16, 2025",Movies,10,In Your Dreams,269,,Netflix,web search (cached nielsen.com/data-center/top-ten page),not independently confirmed (paywalled/unavailable); figures consistent with confirmed rows
2025-12-08,"Dec. 08 – Dec. 14, 2025",Overall,1,Stranger Things,3020,,Netflix,web search (cached nielsen.com/data-center/top-ten page),"yes - Adweek 'Streaming Ratings, Week of Dec. 8' (3.02bn / 1.595bn / 1.522bn)"
2025-12-08,"Dec. 08 – Dec. 14, 2025",Overall,2,Sean Combs: The Reckoning,1595,,Netflix,web search (cached nielsen.com/data-center/top-ten page),"yes - Adweek 'Streaming Ratings, Week of Dec. 8' (3.02bn / 1.595bn / 1.522bn)"
2025-12-08,"Dec. 08 – Dec. 14, 2025",Overall,3,Landman,1522,,Paramount+,web search (cached nielsen.com/data-center/top-ten page),"yes - Adweek 'Streaming Ratings, Week of Dec. 8' (3.02bn / 1.595bn / 1.522bn)"
2025-12-08,"Dec. 08 – Dec. 14, 2025",Overall,4,Wake Up Dead Man: A Knives Out Mystery,1306,,Netflix,web search (cached nielsen.com/data-center/top-ten page),not independently confirmed (paywalled/unavailable); figures consistent with confirmed rows
2025-12-08,"Dec. 08 – Dec. 14, 2025",Overall,5,NCIS,802,,Hulu | Netflix | Paramount+ | Pluto TV,web search (cached nielsen.com/data-center/top-ten page),not independently confirmed (paywalled/unavailable); figures consistent with confirmed rows
2025-12-08,"Dec. 08 – Dec. 14, 2025",Overall,6,Homeland,798,,Hulu | Netflix,web search (cached nielsen.com/data-center/top-ten page),not independently confirmed (paywalled/unavailable); figures consistent with confirmed rows
2025-12-08,"Dec. 08 – Dec. 14, 2025",Overall,7,Bob's Burgers,739,,Hulu,web search (cached nielsen.com/data-center/top-ten page),not independently confirmed (paywalled/unavailable); figures consistent with confirmed rows
2025-12-08,"Dec. 08 – Dec. 14, 2025",Overall,8,Law & Order,687,,Hulu | Peacock,web search (cached nielsen.com/data-center/top-ten page),not independently confirmed (paywalled/unavailable); figures consistent with confirmed rows
2025-12-08,"Dec. 08 – Dec. 14, 2025",Overall,9,Bluey,677,,Disney+,web search (cached nielsen.com/data-center/top-ten page),not independently confirmed (paywalled/unavailable); figures consistent with confirmed rows
2025-12-08,"Dec. 08 – Dec. 14, 2025",Overall,10,IT: Welcome to Derry,660,,HBO Max,web search (cached nielsen.com/data-center/top-ten page),not independently confirmed (paywalled/unavailable); figures consistent with confirmed rows
2025-12-29,"Dec. 29, 2025 – Jan. 04, 2026",Overall,1,Stranger Things,8650,,Netflix,web search (cached nielsen.com/data-center/top-ten page),yes - Deadline / Media Play News (Stranger Things 8.65bn weekly record)
2025-12-29,"Dec. 29, 2025 – Jan. 04, 2026",Overall,2,Landman,1579,,Paramount+,web search (cached nielsen.com/data-center/top-ten page),not independently confirmed (paywalled/unavailable); figures consistent with confirmed rows
2025-12-29,"Dec. 29, 2025 – Jan. 04, 2026",Overall,3,The Closer,1430,,Netflix | Peacock | Pluto TV,web search (cached nielsen.com/data-center/top-ten page),not independently confirmed (paywalled/unavailable); figures consistent with confirmed rows
2025-12-29,"Dec. 29, 2025 – Jan. 04, 2026",Overall,4,Homeland,1080,,Hulu | Netflix,web search (cached nielsen.com/data-center/top-ten page),not independently confirmed (paywalled/unavailable); figures consistent with confirmed rows
2025-12-29,"Dec. 29, 2025 – Jan. 04, 2026",Overall,5,Bluey,1056,,Disney+,web search (cached nielsen.com/data-center/top-ten page),not independently confirmed (paywalled/unavailable); figures consistent with confirmed rows
2025-12-29,"Dec. 29, 2025 – Jan. 04, 2026",Overall,6,Fallout,962,,Prime Video,web search (cached nielsen.com/data-center/top-ten page),not independently confirmed (paywalled/unavailable); figures consistent with confirmed rows
2025-12-29,"Dec. 29, 2025 – Jan. 04, 2026",Overall,7,Run Away,862,,Netflix,web search (cached nielsen.com/data-center/top-ten page),not independently confirmed (paywalled/unavailable); figures consistent with confirmed rows
2025-12-29,"Dec. 29, 2025 – Jan. 04, 2026",Overall,8,NCIS,784,,Hulu | Netflix | Paramount+ | Pluto TV,web search (cached nielsen.com/data-center/top-ten page),not independently confirmed (paywalled/unavailable); figures consistent with confirmed rows
2025-12-29,"Dec. 29, 2025 – Jan. 04, 2026",Overall,9,The Big Bang Theory,748,,HBO Max,web search (cached nielsen.com/data-center/top-ten page),not independently confirmed (paywalled/unavailable); figures consistent with confirmed rows
2025-12-29,"Dec. 29, 2025 – Jan. 04, 2026",Overall,10,Grey's Anatomy,697,,Hulu | Netflix,web search (cached nielsen.com/data-center/top-ten page),not independently confirmed (paywalled/unavailable); figures consistent with confirmed rows
2026-03-02,"Mar. 02 – Mar. 08, 2026",Overall,1,Bridgerton,1986,,Netflix,web search (cached nielsen.com/data-center/top-ten page),yes - Hollywood Reporter / Media Play News (1.99bn / 1.12bn / 1.11bn)
2026-03-02,"Mar. 02 – Mar. 08, 2026",Overall,2,The Night Agent,1121,,Netflix,web search (cached nielsen.com/data-center/top-ten page),yes - Hollywood Reporter / Media Play News (1.99bn / 1.12bn / 1.11bn)
2026-03-02,"Mar. 02 – Mar. 08, 2026",Overall,3,The Pitt,1112,,HBO Max,web search (cached nielsen.com/data-center/top-ten page),yes - Hollywood Reporter / Media Play News (1.99bn / 1.12bn / 1.11bn)
2026-03-02,"Mar. 02 – Mar. 08, 2026",Overall,4,War Machine,1100,,Netflix,web search (cached nielsen.com/data-center/top-ten page),not independently confirmed (paywalled/unavailable); figures consistent with confirmed rows
2026-03-02,"Mar. 02 – Mar. 08, 2026",Overall,5,Grey's Anatomy,878,,Hulu | Netflix,web search (cached nielsen.com/data-center/top-ten page),not independently confirmed (paywalled/unavailable); figures consistent with confirmed rows
2026-03-02,"Mar. 02 – Mar. 08, 2026",Overall,6,The Big Bang Theory,857,,HBO Max,web search (cached nielsen.com/data-center/top-ten page),not independently confirmed (paywalled/unavailable); figures consistent with confirmed rows
2026-03-02,"Mar. 02 – Mar. 08, 2026",Overall,7,Bluey,852,,Disney+,web search (cached nielsen.com/data-center/top-ten page),not independently confirmed (paywalled/unavailable); figures consistent with confirmed rows
2026-03-02,"Mar. 02 – Mar. 08, 2026",Overall,8,Love Is Blind,774,,Netflix,web search (cached nielsen.com/data-center/top-ten page),not independently confirmed (paywalled/unavailable); figures consistent with confirmed rows
2026-03-02,"Mar. 02 – Mar. 08, 2026",Overall,9,Jurassic World Rebirth,741,,Netflix,web search (cached nielsen.com/data-center/top-ten page),not independently confirmed (paywalled/unavailable); figures consistent with confirmed rows
2026-03-02,"Mar. 02 – Mar. 08, 2026",Overall,10,Law & Order,698,,Hulu | Peacock,web search (cached nielsen.com/data-center/top-ten page),not independently confirmed (paywalled/unavailable); figures consistent with confirmed rows
2026-03-23,"Mar. 23 – Mar. 29, 2026",Overall,1,Beauty in Black,1362,,Netflix,web search (cached nielsen.com/data-center/top-ten page),not independently confirmed (paywalled/unavailable); figures consistent with confirmed rows
2026-03-23,"Mar. 23 – Mar. 29, 2026",Overall,2,The Pitt,1208,,HBO Max,web search (cached nielsen.com/data-center/top-ten page),not independently confirmed (paywalled/unavailable); figures consistent with confirmed rows
2026-03-23,"Mar. 23 – Mar. 29, 2026",Overall,3,Virgin River,970,,Netflix,web search (cached nielsen.com/data-center/top-ten page),not independently confirmed (paywalled/unavailable); figures consistent with confirmed rows
2026-03-23,"Mar. 23 – Mar. 29, 2026",Overall,4,The Madison,921,,Paramount+,web search (cached nielsen.com/data-center/top-ten page),not independently confirmed (paywalled/unavailable); figures consistent with confirmed rows
2026-03-23,"Mar. 23 – Mar. 29, 2026",Overall,5,Grey's Anatomy,876,,Hulu | Netflix,web search (cached nielsen.com/data-center/top-ten page),not independently confirmed (paywalled/unavailable); figures consistent with confirmed rows
2026-03-23,"Mar. 23 – Mar. 29, 2026",Overall,6,Bluey,788,,Disney+,web search (cached nielsen.com/data-center/top-ten page),not independently confirmed (paywalled/unavailable); figures consistent with confirmed rows
2026-03-23,"Mar. 23 – Mar. 29, 2026",Overall,7,Family Guy,748,,Hulu,web search (cached nielsen.com/data-center/top-ten page),not independently confirmed (paywalled/unavailable); figures consistent with confirmed rows
2026-03-23,"Mar. 23 – Mar. 29, 2026",Overall,8,Anaconda,730,,Netflix,web search (cached nielsen.com/data-center/top-ten page),not independently confirmed (paywalled/unavailable); figures consistent with confirmed rows
2026-03-23,"Mar. 23 – Mar. 29, 2026",Overall,9,The Big Bang Theory,680,,HBO Max,web search (cached nielsen.com/data-center/top-ten page),not independently confirmed (paywalled/unavailable); figures consistent with confirmed rows
2026-03-23,"Mar. 23 – Mar. 29, 2026",Overall,10,One Piece,671,,Netflix,web search (cached nielsen.com/data-center/top-ten page),not independently confirmed (paywalled/unavailable); figures consistent with confirmed rows
2026-05-11,"May 11 – May 17, 2026",Overall,1,The Roast of Kevin Hart,1348,,Netflix,web search (cached nielsen.com/data-center/top-ten page),yes - TheWrap 'Kevin Hart Roast Knocks Euphoria Out of No. 1'
2026-05-11,"May 11 – May 17, 2026",Overall,2,GOAT,1073,,Netflix,web search (cached nielsen.com/data-center/top-ten page),not independently confirmed (paywalled/unavailable); figures consistent with confirmed rows
2026-05-11,"May 11 – May 17, 2026",Overall,3,The Boys,1012,,Prime Video,web search (cached nielsen.com/data-center/top-ten page),not independently confirmed (paywalled/unavailable); figures consistent with confirmed rows
2026-05-11,"May 11 – May 17, 2026",Overall,4,La Brea,997,,Netflix | Peacock,web search (cached nielsen.com/data-center/top-ten page),not independently confirmed (paywalled/unavailable); figures consistent with confirmed rows
2026-05-11,"May 11 – May 17, 2026",Overall,5,Bluey,896,,Disney+,web search (cached nielsen.com/data-center/top-ten page),not independently confirmed (paywalled/unavailable); figures consistent with confirmed rows
2026-05-11,"May 11 – May 17, 2026",Overall,6,Remarkably Bright Creatures,871,,Netflix,web search (cached nielsen.com/data-center/top-ten page),not independently confirmed (paywalled/unavailable); figures consistent with confirmed rows
2026-05-11,"May 11 – May 17, 2026",Overall,7,Nemesis,832,,Netflix,web search (cached nielsen.com/data-center/top-ten page),not independently confirmed (paywalled/unavailable); figures consistent with confirmed rows
2026-05-11,"May 11 – May 17, 2026",Overall,8,Grey's Anatomy,830,,Hulu | Netflix,web search (cached nielsen.com/data-center/top-ten page),not independently confirmed (paywalled/unavailable); figures consistent with confirmed rows
2026-05-11,"May 11 – May 17, 2026",Overall,9,The Big Bang Theory,780,,HBO Max,web search (cached nielsen.com/data-center/top-ten page),not independently confirmed (paywalled/unavailable); figures consistent with confirmed rows
2026-05-11,"May 11 – May 17, 2026",Overall,10,Spongebob Squarepants,760,,Paramount+,web search (cached nielsen.com/data-center/top-ten page),not independently confirmed (paywalled/unavailable); figures consistent with confirmed rows
2026-05-18,"May 18 – May 24, 2026",Overall,1,Nemesis,1310,,Netflix,web search (cached nielsen.com/data-center/top-ten page),"yes - TheWrap / Hollywood Reporter (Nemesis 1.31bn, The Boroughs 1.2bn, The Crash 1.18bn)"
2026-05-18,"May 18 – May 24, 2026",Overall,2,The Boroughs,1202,,Netflix,web search (cached nielsen.com/data-center/top-ten page),"yes - TheWrap / Hollywood Reporter (Nemesis 1.31bn, The Boroughs 1.2bn, The Crash 1.18bn)"
2026-05-18,"May 18 – May 24, 2026",Overall,3,The Crash,1180,,Netflix,web search (cached nielsen.com/data-center/top-ten page),"yes - TheWrap / Hollywood Reporter (Nemesis 1.31bn, The Boroughs 1.2bn, The Crash 1.18bn)"
2026-05-18,"May 18 – May 24, 2026",Overall,4,The Boys,1073,,Prime Video,web search (cached nielsen.com/data-center/top-ten page),not independently confirmed (paywalled/unavailable); figures consistent with confirmed rows
2026-05-18,"May 18 – May 24, 2026",Overall,5,Bluey,932,,Disney+,web search (cached nielsen.com/data-center/top-ten page),not independently confirmed (paywalled/unavailable); figures consistent with confirmed rows
2026-05-18,"May 18 – May 24, 2026",Overall,6,GOAT,839,,Netflix,web search (cached nielsen.com/data-center/top-ten page),not independently confirmed (paywalled/unavailable); figures consistent with confirmed rows
2026-05-18,"May 18 – May 24, 2026",Overall,7,Tom Clancy's Jack Ryan: Ghost War,809,,Prime Video,web search (cached nielsen.com/data-center/top-ten page),not independently confirmed (paywalled/unavailable); figures consistent with confirmed rows
2026-05-18,"May 18 – May 24, 2026",Overall,8,Grey's Anatomy,749,,Hulu | Netflix,web search (cached nielsen.com/data-center/top-ten page),not independently confirmed (paywalled/unavailable); figures consistent with confirmed rows
2026-05-18,"May 18 – May 24, 2026",Overall,9,The Big Bang Theory,744,,HBO Max,web search (cached nielsen.com/data-center/top-ten page),not independently confirmed (paywalled/unavailable); figures consistent with confirmed rows
2026-05-18,"May 18 – May 24, 2026",Overall,10,Dutton Ranch,736,,Paramount+,web search (cached nielsen.com/data-center/top-ten page),not independently confirmed (paywalled/unavailable); figures consistent with confirmed rows
2026-05-25,"May 25 – May 31, 2026",Overall,1,The Boroughs,1738,,Netflix,web search (cached nielsen.com/data-center/top-ten page),yes - TheWrap (The Boroughs 1.74bn)
2026-05-25,"May 25 – May 31, 2026",Overall,2,Bluey,923,,Disney+,web search (cached nielsen.com/data-center/top-ten page),not independently confirmed (paywalled/unavailable); figures consistent with confirmed rows
2026-05-25,"May 25 – May 31, 2026",Overall,3,Grey's Anatomy,855,,Hulu | Netflix,web search (cached nielsen.com/data-center/top-ten page),not independently confirmed (paywalled/unavailable); figures consistent with confirmed rows
2026-05-25,"May 25 – May 31, 2026",Overall,4,Spider-Noir,851,,Prime Video,web search (cached nielsen.com/data-center/top-ten page),not independently confirmed (paywalled/unavailable); figures consistent with confirmed rows
2026-05-25,"May 25 – May 31, 2026",Overall,5,The Big Bang Theory,835,,HBO Max,web search (cached nielsen.com/data-center/top-ten page),not independently confirmed (paywalled/unavailable); figures consistent with confirmed rows
2026-05-25,"May 25 – May 31, 2026",Overall,6,Dutton Ranch,782,,Paramount+,web search (cached nielsen.com/data-center/top-ten page),not independently confirmed (paywalled/unavailable); figures consistent with confirmed rows
2026-05-25,"May 25 – May 31, 2026",Overall,7,The Four Seasons,759,,Netflix,web search (cached nielsen.com/data-center/top-ten page),not independently confirmed (paywalled/unavailable); figures consistent with confirmed rows
2026-05-25,"May 25 – May 31, 2026",Overall,8,The Boys,735,,Prime Video,web search (cached nielsen.com/data-center/top-ten page),not independently confirmed (paywalled/unavailable); figures consistent with confirmed rows
2026-05-25,"May 25 – May 31, 2026",Overall,9,Euphoria,730,,HBO Max,web search (cached nielsen.com/data-center/top-ten page),not independently confirmed (paywalled/unavailable); figures consistent with confirmed rows
2026-05-25,"May 25 – May 31, 2026",Overall,10,Spongebob Squarepants,715,,Paramount+,web search (cached nielsen.com/data-center/top-ten page),not independently confirmed (paywalled/unavailable); figures consistent with confirmed rows
2026-06-08,"June 08 – June 14, 2026",Overall,1,Love Island USA,1832,,Disney+ | Paramount+ | Peacock,web search (cached nielsen.com/data-center/top-ten page),"yes - Hollywood Reporter 'Streaming Ratings June 8-14, 2026'"
2026-06-08,"June 08 – June 14, 2026",Overall,2,Bluey,958,,Disney+,web search (cached nielsen.com/data-center/top-ten page),not independently confirmed (paywalled/unavailable); figures consistent with confirmed rows
2026-06-08,"June 08 – June 14, 2026",Overall,3,Grey's Anatomy,882,,Hulu | Netflix,web search (cached nielsen.com/data-center/top-ten page),not independently confirmed (paywalled/unavailable); figures consistent with confirmed rows
2026-06-08,"June 08 – June 14, 2026",Overall,4,The Big Bang Theory,867,,HBO Max,web search (cached nielsen.com/data-center/top-ten page),not independently confirmed (paywalled/unavailable); figures consistent with confirmed rows
2026-06-08,"June 08 – June 14, 2026",Overall,5,Sweet Magnolias,806,,Netflix,web search (cached nielsen.com/data-center/top-ten page),not independently confirmed (paywalled/unavailable); figures consistent with confirmed rows
2026-06-08,"June 08 – June 14, 2026",Overall,6,Dutton Ranch,746,,Paramount+,web search (cached nielsen.com/data-center/top-ten page),not independently confirmed (paywalled/unavailable); figures consistent with confirmed rows
2026-06-08,"June 08 – June 14, 2026",Overall,7,Maternal Instinct,665,,Netflix,web search (cached nielsen.com/data-center/top-ten page),not independently confirmed (paywalled/unavailable); figures consistent with confirmed rows
2026-06-08,"June 08 – June 14, 2026",Overall,8,Hoppers,663,,Disney+,web search (cached nielsen.com/data-center/top-ten page),not independently confirmed (paywalled/unavailable); figures consistent with confirmed rows
2026-06-08,"June 08 – June 14, 2026",Overall,9,Criminal Minds,649,,Netflix | Paramount+,web search (cached nielsen.com/data-center/top-ten page),not independently confirmed (paywalled/unavailable); figures consistent with confirmed rows
2026-06-08,"June 08 – June 14, 2026",Overall,10,Teach You a Lesson,611,,Netflix,web search (cached nielsen.com/data-center/top-ten page),not independently confirmed (paywalled/unavailable); figures consistent with confirmed rows
2026-06-15,"June 15 – June 21, 2026",Overall,1,I Will Find You,1844,,Netflix,web search (cached nielsen.com/data-center/top-ten page),yes - Trade reports: 'I Will Find You' reaches No. 1
2026-06-15,"June 15 – June 21, 2026",Overall,2,Love Island USA,1686,,Disney+ | Paramount+ | Peacock,web search (cached nielsen.com/data-center/top-ten page),not independently confirmed (paywalled/unavailable); figures consistent with confirmed rows
2026-06-15,"June 15 – June 21, 2026",Overall,3,Maternal Instinct,987,,Netflix,web search (cached nielsen.com/data-center/top-ten page),not independently confirmed (paywalled/unavailable); figures consistent with confirmed rows
2026-06-15,"June 15 – June 21, 2026",Overall,4,Bluey,927,,Disney+,web search (cached nielsen.com/data-center/top-ten page),not independently confirmed (paywalled/unavailable); figures consistent with confirmed rows
2026-06-15,"June 15 – June 21, 2026",Overall,5,The Big Bang Theory,924,,HBO Max,web search (cached nielsen.com/data-center/top-ten page),not independently confirmed (paywalled/unavailable); figures consistent with confirmed rows
2026-06-15,"June 15 – June 21, 2026",Overall,6,Sweet Magnolias,845,,Netflix,web search (cached nielsen.com/data-center/top-ten page),not independently confirmed (paywalled/unavailable); figures consistent with confirmed rows
2026-06-15,"June 15 – June 21, 2026",Overall,7,Grey's Anatomy,721,,Hulu | Netflix,web search (cached nielsen.com/data-center/top-ten page),not independently confirmed (paywalled/unavailable); figures consistent with confirmed rows
2026-06-15,"June 15 – June 21, 2026",Overall,8,Dutton Ranch,660,,Paramount+,web search (cached nielsen.com/data-center/top-ten page),not independently confirmed (paywalled/unavailable); figures consistent with confirmed rows
2026-06-15,"June 15 – June 21, 2026",Overall,9,House of the Dragon,636,,HBO Max,web search (cached nielsen.com/data-center/top-ten page),not independently confirmed (paywalled/unavailable); figures consistent with confirmed rows
2026-06-15,"June 15 – June 21, 2026",Overall,10,Spongebob Squarepants,599,,Paramount+,web search (cached nielsen.com/data-center/top-ten page),not independently confirmed (paywalled/unavailable); figures consistent with confirmed rows
2026-08-03,"Aug. 03 – Aug. 09, 2026",Overall,1,The Big Bang Theory,1061,,HBO Max,web search (cached nielsen.com/data-center/top-ten page),"yes - TVLine (Ted Lasso No. 4 overall, 866m)"
2026-08-03,"Aug. 03 – Aug. 09, 2026",Overall,2,House of the Dragon,940,,HBO Max,web search (cached nielsen.com/data-center/top-ten page),"yes - TVLine (Ted Lasso No. 4 overall, 866m)"
2026-08-03,"Aug. 03 – Aug. 09, 2026",Overall,3,My Life with the Walter Boys,896,,Netflix,web search (cached nielsen.com/data-center/top-ten page),"yes - TVLine (Ted Lasso No. 4 overall, 866m)"
2026-08-03,"Aug. 03 – Aug. 09, 2026",Overall,4,Ted Lasso,866,,Apple TV,web search (cached nielsen.com/data-center/top-ten page),"yes - TVLine (Ted Lasso No. 4 overall, 866m)"
2026-08-03,"Aug. 03 – Aug. 09, 2026",Overall,5,The Last House,838,,Netflix,web search (cached nielsen.com/data-center/top-ten page),not independently confirmed (paywalled/unavailable); figures consistent with confirmed rows
2026-08-03,"Aug. 03 – Aug. 09, 2026",Overall,6,Bluey,822,,Disney+,web search (cached nielsen.com/data-center/top-ten page),not independently confirmed (paywalled/unavailable); figures consistent with confirmed rows
2026-08-03,"Aug. 03 – Aug. 09, 2026",Overall,7,Grey's Anatomy,816,,Hulu | Netflix,web search (cached nielsen.com/data-center/top-ten page),not independently confirmed (paywalled/unavailable); figures consistent with confirmed rows
2026-08-03,"Aug. 03 – Aug. 09, 2026",Overall,8,Lioness,783,,Paramount+,web search (cached nielsen.com/data-center/top-ten page),not independently confirmed (paywalled/unavailable); figures consistent with confirmed rows
2026-08-03,"Aug. 03 – Aug. 09, 2026",Overall,9,SpongeBob SquarePants,742,,Paramount+,web search (cached nielsen.com/data-center/top-ten page),not independently confirmed (paywalled/unavailable); figures consistent with confirmed rows
2026-08-03,"Aug. 03 – Aug. 09, 2026",Overall,10,The Best Medicine,595,,Hulu | Netflix,web search (cached nielsen.com/data-center/top-ten page),not independently confirmed (paywalled/unavailable); figures consistent with confirmed rows
